ts,ticker,series,category,side,entry_price_c,settle_rate,pnl,result,mode
2026-07-27T03:32:57+00:00,KXMVECROSSCATEGORY-S2026ADD5DE87F9C-59D9E4DF7A6,KXMVECROSSCATEGORY,Exotics,no,70.1,0.8564,,,paper
2026-07-27T03:32:57+00:00,KXMVECROSSCATEGORY-S2026BA945332965-7A531D03D71,KXMVECROSSCATEGORY,Exotics,no,72.6,0.8564,,,paper
2026-07-27T03:32:57+00:00,KXMVESPORTSMULTIGAMEEXTENDED-S2026C1E7B1757C1-5963A878080,KXMVESPORTSMULTIGAMEEXTENDED,Exotics,no,72.0,0.8564,,,paper
2026-07-27T03:32:57+00:00,KXMVESPORTSMULTIGAMEEXTENDED-S2026FE6388E8F87-B47B88E5205,KXMVESPORTSMULTIGAMEEXTENDED,Exotics,no,80.5,0.9267,,,paper
2026-07-28T01:42:51+00:00,KXMLBTOTAL-26JUL271910ATLNYM-19,KXMLBTOTAL,Sports,no,75.0,0.8788,,,paper
2026-07-27T03:32:57+00:00,KXMVESPORTSMULTIGAMEEXTENDED-S202628466A4BF25-03DA19306E1,KXMVESPORTSMULTIGAMEEXTENDED,Exotics,no,70.0,0.8564,,,paper
2026-07-27T03:32:57+00:00,KXMVECROSSCATEGORY-S20267B012563D5D-9265ADCC50B,KXMVECROSSCATEGORY,Exotics,no,72.6,0.8564,,,paper
2026-07-28T01:42:51+00:00,KXMVESPORTSMULTIGAMEEXTENDED-S20261A4BB3357DD-6F4518C7852,KXMVESPORTSMULTIGAMEEXTENDED,Exotics,no,61.1,0.819,,,paper
2026-07-28T01:42:51+00:00,KXMVESPORTSMULTIGAMEEXTENDED-S2026A2A5B5B0DAF-EA4980C927A,KXMVESPORTSMULTIGAMEEXTENDED,Exotics,no,51.4,0.7182,,,paper
2026-07-28T16:30:00+00:00,KXMVECROSSCATEGORY-S2026ACE8A19EE08-74092906B48,KXMVECROSSCATEGORY,Exotics,no,50.0,0.7182,,,paper
2026-07-28T16:30:00+00:00,KXMVESPORTSMULTIGAMEEXTENDED-S2026A47918463D9-29D7104CF92,KXMVESPORTSMULTIGAMEEXTENDED,Exotics,no,61.9,0.819,,,paper
2026-07-28T16:30:00+00:00,KXMVESPORTSMULTIGAMEEXTENDED-S202686E1D503123-F3CBA59DF03,KXMVESPORTSMULTIGAMEEXTENDED,Exotics,no,60.9,0.819,,,paper
2026-07-28T16:30:00+00:00,KXMVECROSSCATEGORY-S2026C9B5EF09D28-9F9CBE0EFDC,KXMVECROSSCATEGORY,Exotics,no,62.0,0.819,,,paper
2026-07-28T16:30:00+00:00,KXMVECROSSCATEGORY-S20264B8E77AA0A0-581A9522C13,KXMVECROSSCATEGORY,Exotics,no,62.1,0.819,,,paper
2026-07-29T16:30:00+00:00,KXMVESPORTSMULTIGAMEEXTENDED-S20268F847172581-3E86B2B6F72,KXMVESPORTSMULTIGAMEEXTENDED,Exotics,no,51.4,0.7182,,,paper
2026-07-29T16:30:00+00:00,KXMVESPORTSMULTIGAMEEXTENDED-S202640D1EF96981-5B8290A7D50,KXMVESPORTSMULTIGAMEEXTENDED,Exotics,no,65.2,0.819,,,paper
2026-07-29T16:30:00+00:00,KXMVESPORTSMULTIGAMEEXTENDED-S20268011211A18B-4F9E171E0D6,KXMVESPORTSMULTIGAMEEXTENDED,Exotics,no,65.4,0.819,,,paper
2026-07-29T16:30:00+00:00,KXMVECROSSCATEGORY-S202638C8E030B30-DC4F8A6E42D,KXMVECROSSCATEGORY,Exotics,no,40.4,0.5968,,,paper
2026-07-29T16:30:00+00:00,KXMVESPORTSMULTIGAMEEXTENDED-S2026C073B4B6B20-12F38F9EB92,KXMVESPORTSMULTIGAMEEXTENDED,Exotics,no,64.3,0.819,,,paper
2026-07-28T16:30:00+00:00,KXMVECROSSCATEGORY-S2026EC8D8F43D26-BAE896099DE,KXMVECROSSCATEGORY,Exotics,no,50.5,0.7182,,,paper
2026-07-30T16:30:01+00:00,KXMVECROSSCATEGORY-S2026FD57ED45111-2D26E4CDAB2,KXMVECROSSCATEGORY,Exotics,no,53.6,0.7182,,,paper
2026-07-30T16:30:01+00:00,KXMVESPORTSMULTIGAMEEXTENDED-S20269C256B9F2B2-C28E6641756,KXMVESPORTSMULTIGAMEEXTENDED,Exotics,no,55.0,0.7182,,,paper
2026-07-30T16:30:01+00:00,KXMVECROSSCATEGORY-S20260716721C056-90B3F19ABB0,KXMVECROSSCATEGORY,Exotics,no,71.1,0.8618,,,paper
2026-07-30T16:30:01+00:00,KXMLBHRR-26JUL301415CHCSTL-CHCMCONFORTO90-3,KXMLBHRR,Sports,no,76.0,0.8788,,,paper
2026-07-30T16:30:01+00:00,KXMLBHRR-26JUL301415CHCSTL-CHCMBUSCH29-4,KXMLBHRR,Sports,no,81.0,0.9241,,,paper
2026-07-30T16:30:01+00:00,KXMVESPORTSMULTIGAMEEXTENDED-S20262CD9C2C6C7D-C697A2CDE49,KXMVESPORTSMULTIGAMEEXTENDED,Exotics,no,61.8,0.819,,,paper
2026-07-30T16:30:01+00:00,KXMVESPORTSMULTIGAMEEXTENDED-S2026AFBF39141C8-CD91AA1964F,KXMVESPORTSMULTIGAMEEXTENDED,Exotics,no,53.2,0.7182,,,paper
2026-07-30T16:30:01+00:00,KXMVESPORTSMULTIGAMEEXTENDED-S20268D53B76CAC0-A83E140623B,KXMVESPORTSMULTIGAMEEXTENDED,Exotics,no,54.6,0.7182,,,paper
2026-07-31T22:35:51+00:00,KXMVESPORTSMULTIGAMEEXTENDED-S2026DA1E5F8209B-2C36003DC8A,KXMVESPORTSMULTIGAMEEXTENDED,Exotics,no,62.1,0.819,,,paper
2026-07-31T22:35:51+00:00,KXMVECROSSCATEGORY-S2026A94206A0F31-499CD859864,KXMVECROSSCATEGORY,Exotics,no,40.1,0.5968,,,paper
2026-07-31T22:35:51+00:00,KXMVESPORTSMULTIGAMEEXTENDED-S2026B05A7268DBC-FBAB2B15F53,KXMVESPORTSMULTIGAMEEXTENDED,Exotics,no,62.5,0.819,,,paper
2026-07-31T22:35:51+00:00,KXMVESPORTSMULTIGAMEEXTENDED-S202691BD7EFAACF-D8D0F714D07,KXMVESPORTSMULTIGAMEEXTENDED,Exotics,no,64.3,0.819,,,paper
2026-07-31T22:35:51+00:00,KXMVECROSSCATEGORY-S2026C3DF8847C9A-435937CCDC6,KXMVECROSSCATEGORY,Exotics,no,42.5,0.5968,,,paper
2026-07-31T22:35:51+00:00,KXMVESPORTSMULTIGAMEEXTENDED-S2026F526AA27FA1-5DCED85DBFE,KXMVESPORTSMULTIGAMEEXTENDED,Exotics,no,51.6,0.7182,,,paper
2026-07-31T22:35:51+00:00,KXMVESPORTSMULTIGAMEEXTENDED-S202632830D2B0CE-D6D311A4E9B,KXMVESPORTSMULTIGAMEEXTENDED,Exotics,no,63.4,0.819,,,paper
2026-08-01T16:30:04+00:00,KXMVESPORTSMULTIGAMEEXTENDED-S2026908FDA4A709-24DD663BB38,KXMVESPORTSMULTIGAMEEXTENDED,Exotics,no,50.0,0.7182,,,paper
2026-08-01T16:30:04+00:00,KXMVESPORTSMULTIGAMEEXTENDED-S20267656202503A-9F7A08363E0,KXMVESPORTSMULTIGAMEEXTENDED,Exotics,no,61.6,0.819,,,paper
2026-08-01T16:30:04+00:00,KXMVECROSSCATEGORY-S2026812FCF7DA44-2E5CEAB78BD,KXMVECROSSCATEGORY,Exotics,no,52.4,0.7182,,,paper
2026-08-01T16:30:04+00:00,KXEKSTRAKLASASPREAD-26AUG01WIELPO-LPO4,KXEKSTRAKLASASPREAD,Sports,no,83.0,0.9241,,,paper
2026-08-01T16:30:04+00:00,KXEKSTRAKLASATOTAL-26AUG01WIELPO-7,KXEKSTRAKLASATOTAL,Sports,no,96.0,0.9959,,,paper
2026-08-01T16:30:04+00:00,KXMVESPORTSMULTIGAMEEXTENDED-S20263F8B6956D39-0D92545F3D4,KXMVESPORTSMULTIGAMEEXTENDED,Exotics,no,40.6,0.5968,,,paper
2026-08-01T16:30:04+00:00,KXMVECROSSCATEGORY-S2026AF4F648B817-E9533BEE409,KXMVECROSSCATEGORY,Exotics,no,62.8,0.819,,,paper
2026-08-02T16:30:05+00:00,KXMVESPORTSMULTIGAMEEXTENDED-S202664A0B4D967C-427193FFE60,KXMVESPORTSMULTIGAMEEXTENDED,Exotics,no,40.3,0.5925,,,paper
2026-08-02T16:30:05+00:00,KXMVESPORTSMULTIGAMEEXTENDED-S20265BF45CBC587-2CB45E94A0D,KXMVESPORTSMULTIGAMEEXTENDED,Exotics,no,51.4,0.709,,,paper
2026-08-02T16:30:05+00:00,KXMVESPORTSMULTIGAMEEXTENDED-S2026B19FC9884E0-92B833C2591,KXMVESPORTSMULTIGAMEEXTENDED,Exotics,no,51.6,0.709,,,paper
2026-08-02T16:30:05+00:00,KXMVESPORTSMULTIGAMEEXTENDED-S202620B7E799808-4F86D1BF956,KXMVESPORTSMULTIGAMEEXTENDED,Exotics,no,60.0,0.811,,,paper
2026-08-02T16:30:05+00:00,KXMVESPORTSMULTIGAMEEXTENDED-S2026F007E35A16D-D995ECC4A34,KXMVESPORTSMULTIGAMEEXTENDED,Exotics,no,50.8,0.709,,,paper
2026-08-03T16:30:03+00:00,KXMVESPORTSMULTIGAMEEXTENDED-S2026770DDE5D55A-DA906A1ACD9,KXMVESPORTSMULTIGAMEEXTENDED,Exotics,no,61.9,0.811,,,paper
2026-08-03T16:30:03+00:00,KXMVECROSSCATEGORY-S2026D3BE258D950-7C9C5802057,KXMVECROSSCATEGORY,Exotics,no,50.8,0.709,,,paper
2026-08-03T16:30:03+00:00,KXMVESPORTSMULTIGAMEEXTENDED-S20260067E3AAFDA-51E2DAB749F,KXMVESPORTSMULTIGAMEEXTENDED,Exotics,no,53.7,0.709,,,paper
2026-08-03T16:30:03+00:00,KXMVESPORTSMULTIGAMEEXTENDED-S20265488BCAB3A6-ED1A60F3988,KXMVESPORTSMULTIGAMEEXTENDED,Exotics,no,62.5,0.811,,,paper
2026-08-02T16:30:05+00:00,KXMVECROSSCATEGORY-S2026D69260F5D67-291B0170BF8,KXMVECROSSCATEGORY,Exotics,no,51.8,0.709,,,paper
2026-08-03T16:30:03+00:00,KXMVECROSSCATEGORY-S20266CDB3243FF5-7B1A9670749,KXMVECROSSCATEGORY,Exotics,no,70.9,0.8623,,,paper
2026-08-04T16:30:00+00:00,KXMVECROSSCATEGORY-S202642F73158BDA-62A61E19FB4,KXMVECROSSCATEGORY,Exotics,no,42.2,0.5925,,,paper
2026-08-04T16:30:00+00:00,KXMVECROSSCATEGORY-S202634110254F4B-7D8ED56D229,KXMVECROSSCATEGORY,Exotics,no,54.5,0.709,,,paper
2026-08-04T16:30:00+00:00,KXMVESPORTSMULTIGAMEEXTENDED-S2026A0E7A07AC0C-67D9F510627,KXMVESPORTSMULTIGAMEEXTENDED,Exotics,no,71.4,0.8623,,,paper
2026-08-04T16:30:00+00:00,KXMVESPORTSMULTIGAMEEXTENDED-S2026F4B459F5C9E-592EE30190D,KXMVESPORTSMULTIGAMEEXTENDED,Exotics,no,62.4,0.811,,,paper
2026-08-04T16:30:00+00:00,KXMVECROSSCATEGORY-S2026D1269CB565D-E1E83197CDC,KXMVECROSSCATEGORY,Exotics,no,53.7,0.709,,,paper
2026-08-04T16:30:00+00:00,KXMVESPORTSMULTIGAMEEXTENDED-S2026F7193D79B95-4A9113B630E,KXMVESPORTSMULTIGAMEEXTENDED,Exotics,no,41.1,0.5925,,,paper
2026-08-05T16:30:04+00:00,KXMVESPORTSMULTIGAMEEXTENDED-S20261802E42725A-72D65EA0DF2,KXMVESPORTSMULTIGAMEEXTENDED,Exotics,no,60.6,0.811,,,paper
2026-08-05T16:30:04+00:00,KXMVECROSSCATEGORY-S20262663B1F0AC9-A7B2ECDE887,KXMVECROSSCATEGORY,Exotics,no,41.1,0.5925,,,paper
2026-08-05T16:30:04+00:00,KXMVESPORTSMULTIGAMEEXTENDED-S20262FE29E65DA0-B0AE3BD06AF,KXMVESPORTSMULTIGAMEEXTENDED,Exotics,no,52.2,0.709,,,paper
2026-08-05T16:30:04+00:00,KXMLBHRR-26AUG051435SFTEX-SFGMCCRAY58-3,KXMLBHRR,Sports,no,78.0,0.8824,,,paper
2026-08-05T16:30:04+00:00,KXMLBHRR-26AUG051435SFTEX-SFGMCCRAY58-4,KXMLBHRR,Sports,no,87.0,0.9241,,,paper
2026-08-05T16:30:04+00:00,KXMVESPORTSMULTIGAMEEXTENDED-S2026A4A3F45F654-755B09570E8,KXMVESPORTSMULTIGAMEEXTENDED,Exotics,no,61.6,0.811,,,paper
2026-08-05T16:30:04+00:00,KXMVECROSSCATEGORY-S202682D1A0F2626-0996932016A,KXMVECROSSCATEGORY,Exotics,no,63.9,0.811,,,paper
2026-08-06T16:30:00+00:00,KXMVESPORTSMULTIGAMEEXTENDED-S2026B820FBAC66C-26EDBC0F1E7,KXMVESPORTSMULTIGAMEEXTENDED,Exotics,no,61.4,0.811,,,paper
2026-08-06T16:30:00+00:00,KXMVESPORTSMULTIGAMEEXTENDED-S2026150AB922F14-5E41CD0EE6B,KXMVESPORTSMULTIGAMEEXTENDED,Exotics,no,50.4,0.709,,,paper
2026-08-06T16:30:00+00:00,KXMVESPORTSMULTIGAMEEXTENDED-S2026FD2DEF8B575-C0B644DC43D,KXMVESPORTSMULTIGAMEEXTENDED,Exotics,no,52.0,0.709,,,paper
2026-08-05T16:30:04+00:00,KXMVECROSSCATEGORY-S2026943060934CD-1EF1947828E,KXMVECROSSCATEGORY,Exotics,no,61.7,0.811,,,paper
2026-08-06T16:30:00+00:00,KXMVESPORTSMULTIGAMEEXTENDED-S2026B7B878FC7B2-81DD3D75D30,KXMVESPORTSMULTIGAMEEXTENDED,Exotics,no,61.7,0.811,,,paper
2026-08-06T16:30:00+00:00,KXMVESPORTSMULTIGAMEEXTENDED-S2026A832F0EAD89-4D467976C4A,KXMVESPORTSMULTIGAMEEXTENDED,Exotics,no,50.4,0.709,,,paper
2026-08-07T16:30:03+00:00,KXMVECROSSCATEGORY-S20268E04C8FF7D3-6437C7E8B0F,KXMVECROSSCATEGORY,Exotics,no,61.5,0.811,,,paper
2026-08-07T16:30:03+00:00,KXMVESPORTSMULTIGAMEEXTENDED-S20266D15668D6D4-1D215577BF7,KXMVESPORTSMULTIGAMEEXTENDED,Exotics,no,51.3,0.709,,,paper
2026-08-07T16:30:03+00:00,KXMVECROSSCATEGORY-S2026531CC40BE49-92F6CF52A8F,KXMVECROSSCATEGORY,Exotics,no,40.4,0.5925,,,paper
2026-08-07T16:30:03+00:00,KXMVECROSSCATEGORY-S202670D00F7468B-916067285E8,KXMVECROSSCATEGORY,Exotics,no,60.4,0.811,,,paper
2026-08-07T16:30:03+00:00,KXMVESPORTSMULTIGAMEEXTENDED-S2026378087F743E-E1AF5F51BAF,KXMVESPORTSMULTIGAMEEXTENDED,Exotics,no,61.9,0.811,,,paper
2026-08-07T16:30:03+00:00,KXMVECROSSCATEGORY-S2026F38EC9FDD94-256271C1327,KXMVECROSSCATEGORY,Exotics,no,61.6,0.811,,,paper
2026-08-08T16:30:03+00:00,KXMVESPORTSMULTIGAMEEXTENDED-S2026AA3FCDA8EBB-45402873D6D,KXMVESPORTSMULTIGAMEEXTENDED,Exotics,no,62.1,0.811,,,paper
2026-08-08T16:30:03+00:00,KXMVESPORTSMULTIGAMEEXTENDED-S2026F4E0487DCB5-AD096ECD1AC,KXMVESPORTSMULTIGAMEEXTENDED,Exotics,no,62.2,0.811,,,paper
2026-08-08T16:30:03+00:00,KXMVESPORTSMULTIGAMEEXTENDED-S2026D93341FFFA0-25FCDB33532,KXMVESPORTSMULTIGAMEEXTENDED,Exotics,no,52.3,0.709,,,paper
2026-08-08T16:30:03+00:00,KXMVESPORTSMULTIGAMEEXTENDED-S20267ECBD6179F4-F1C6CF9A65C,KXMVESPORTSMULTIGAMEEXTENDED,Exotics,no,62.8,0.811,,,paper
2026-08-08T16:30:03+00:00,KXMLBSB-26AUG081505ATLNYY-NYYJCABALLERO72-1,KXMLBSB,Sports,no,77.0,0.8824,,,paper
2026-08-08T16:30:03+00:00,KXMVESPORTSMULTIGAMEEXTENDED-S202626EFCF244DD-0AED6B6DE86,KXMVESPORTSMULTIGAMEEXTENDED,Exotics,no,51.2,0.709,,,paper
2026-08-08T16:30:03+00:00,KXMVECROSSCATEGORY-S2026832573F86B2-00758B4EB55,KXMVECROSSCATEGORY,Exotics,no,63.0,0.811,,,paper
2026-08-09T16:30:00+00:00,KXMVESPORTSMULTIGAMEEXTENDED-S20269076C7AB36F-1DDC9AE3DBC,KXMVESPORTSMULTIGAMEEXTENDED,Exotics,no,50.0,0.7061,,,paper
2026-08-09T16:30:00+00:00,KXMVESPORTSMULTIGAMEEXTENDED-S20267C67FACBE97-42ED1647859,KXMVESPORTSMULTIGAMEEXTENDED,Exotics,no,52.1,0.7061,,,paper
2026-08-09T16:30:00+00:00,KXMVESPORTSMULTIGAMEEXTENDED-S2026F97435380AC-95896C67CA1,KXMVESPORTSMULTIGAMEEXTENDED,Exotics,no,61.7,0.8098,,,paper
2026-08-09T16:30:00+00:00,KXMLBSB-26AUG091335NYMPIT-NYMLROBERT88-1,KXMLBSB,Sports,no,82.0,0.9241,,,paper
2026-08-09T16:30:00+00:00,KXMVESPORTSMULTIGAMEEXTENDED-S2026D4D1EA07546-355F1C0634A,KXMVESPORTSMULTIGAMEEXTENDED,Exotics,no,52.1,0.7061,,,paper
2026-08-09T16:30:00+00:00,KXMVESPORTSMULTIGAMEEXTENDED-S202673C5D53E2A6-BCB3E4C5612,KXMVESPORTSMULTIGAMEEXTENDED,Exotics,no,50.8,0.7061,,,paper
2026-08-09T16:30:00+00:00,KXMVECROSSCATEGORY-S2026C8BFC8421D0-FBD2EBCCEFD,KXMVECROSSCATEGORY,Exotics,no,52.0,0.7061,,,paper
2026-08-11T16:30:00+00:00,KXMVESPORTSMULTIGAMEEXTENDED-S20266175C77ACC4-D1EEC07EEA1,KXMVESPORTSMULTIGAMEEXTENDED,Exotics,no,62.3,0.8098,,,paper
2026-08-11T16:30:00+00:00,KXMVECROSSCATEGORY-SHARD1-S2026BB1A8BCBB94-30B2536E8EE,KXMVECROSSCATEGORY,Exotics,no,61.8,0.8098,,,paper
2026-08-11T16:30:00+00:00,KXMVESPORTSMULTIGAMEEXTENDED-S2026CD1B5B389D9-A6472A14D7F,KXMVESPORTSMULTIGAMEEXTENDED,Exotics,no,40.6,0.5905,,,paper
2026-08-11T16:30:00+00:00,KXMVESPORTSMULTIGAMEEXTENDED-S2026014045BF12F-A11CD4AD524,KXMVESPORTSMULTIGAMEEXTENDED,Exotics,no,61.0,0.8098,,,paper
2026-08-11T16:30:00+00:00,KXMVECROSSCATEGORY-S2026E1A4489E8F7-8992ECEE71C,KXMVECROSSCATEGORY,Exotics,no,62.9,0.8098,,,paper
2026-08-11T16:30:00+00:00,KXMVECROSSCATEGORY-SHARD1-S20261D777A5984D-262E5AFB9C1,KXMVECROSSCATEGORY,Exotics,no,63.9,0.8098,,,paper
2026-08-11T16:30:00+00:00,KXMVESPORTSMULTIGAMEEXTENDED-S2026EBA018442C0-D8E2F3D2C3D,KXMVESPORTSMULTIGAMEEXTENDED,Exotics,no,54.1,0.7061,,,paper
2026-08-13T16:30:01+00:00,KXMVESPORTSMULTIGAMEEXTENDED-S20266F9AE1ADF97-66594426C10,KXMVESPORTSMULTIGAMEEXTENDED,Exotics,no,50.2,0.7061,,,paper
2026-08-13T16:30:01+00:00,KXMLBRBI-26AUG131335SEANYY-NYYLGARCA2-1,KXMLBRBI,Sports,no,63.0,0.9677,,,paper
2026-08-13T16:30:01+00:00,KXMLBRBI-26AUG131335SEANYY-NYYBRICE22-1,KXMLBRBI,Sports,no,64.0,0.9677,,,paper
2026-08-13T16:30:01+00:00,KXMLBRBI-26AUG131335SEANYY-NYYTGRISHAM12-1,KXMLBRBI,Sports,no,66.0,0.9677,,,paper
2026-08-13T16:30:01+00:00,KXMVECROSSCATEGORY-SHARD1-S2026FC7A4289850-C7C631233C8,KXMVECROSSCATEGORY,Exotics,no,51.2,0.7061,,,paper
2026-08-13T16:30:01+00:00,KXMVECROSSCATEGORY-SHARD1-S2026F6427926543-9FF078B7390,KXMVECROSSCATEGORY,Exotics,no,50.1,0.7061,,,paper
2026-08-13T16:30:01+00:00,KXMVESPORTSMULTIGAMEEXTENDED-S2026C17F739A715-2FA8CBB2DAB,KXMVESPORTSMULTIGAMEEXTENDED,Exotics,no,60.0,0.8098,,,paper
2026-08-13T16:30:01+00:00,KXMVECROSSCATEGORY-SHARD1-S20262C80E550FFC-AE7B0FA0FED,KXMVECROSSCATEGORY,Exotics,no,50.4,0.7061,,,paper
2026-08-13T16:30:01+00:00,KXMVECROSSCATEGORY-SHARD1-S20266825DC8CA63-CD872874DB3,KXMVECROSSCATEGORY,Exotics,no,51.1,0.7061,,,paper
2026-08-14T16:30:01+00:00,KXMVESPORTSMULTIGAMEEXTENDED-S2026ABBFF57682E-54565C3E2CB,KXMVESPORTSMULTIGAMEEXTENDED,Exotics,no,50.0,0.7061,,,paper
2026-08-14T16:30:01+00:00,KXMVECROSSCATEGORY-SHARD1-S2026CBFB9BE8774-C1ACA142FE6,KXMVECROSSCATEGORY,Exotics,no,50.1,0.7061,,,paper
2026-08-14T16:30:01+00:00,KXMVECROSSCATEGORY-SHARD1-S20267865217F365-2C447F2A5AA,KXMVECROSSCATEGORY,Exotics,no,50.1,0.7061,,,paper
2026-08-14T16:30:01+00:00,KXMVESPORTSMULTIGAMEEXTENDED-S2026566F25FE554-ADBA17C2FBC,KXMVESPORTSMULTIGAMEEXTENDED,Exotics,no,50.2,0.7061,,,paper
2026-08-14T16:30:01+00:00,KXMVECROSSCATEGORY-SHARD1-S202659A82D35976-9FC0686F84E,KXMVECROSSCATEGORY,Exotics,no,50.4,0.7061,,,paper
2026-08-14T16:30:01+00:00,KXMVESPORTSMULTIGAMEEXTENDED-S2026F57FB82C99D-9FC0686F84E,KXMVESPORTSMULTIGAMEEXTENDED,Exotics,no,50.7,0.7061,,,paper
2026-08-14T20:54:21+00:00,KXMVECROSSCATEGORY-SHARD1-S2026B86896FBB13-8D71B963BDC,KXMVECROSSCATEGORY,Exotics,no,62.2,0.8098,,,paper
2026-08-14T20:54:21+00:00,KXMVECROSSCATEGORY-SHARD1-S2026D525469F3C7-49069383497,KXMVECROSSCATEGORY,Exotics,no,62.9,0.8098,,,paper
2026-08-14T20:54:21+00:00,KXMVECROSSCATEGORY-SHARD1-S2026441A23D4937-60EDCB1CDAD,KXMVECROSSCATEGORY,Exotics,no,43.0,0.5905,,,paper
2026-08-14T20:54:21+00:00,KXMLBHRR-26AUG141910BALTB-BALLTAVERAS30-2,KXMLBHRR,Sports,no,61.0,0.9677,,,paper
2026-08-14T20:54:21+00:00,KXMVESPORTSMULTIGAMEEXTENDED-S2026D3585C0231F-49B10683095,KXMVESPORTSMULTIGAMEEXTENDED,Exotics,no,52.3,0.7061,,,paper
2026-08-14T20:54:21+00:00,KXMLBHRR-26AUG141910BALTB-TBTWALLS6-5,KXMLBHRR,Sports,no,96.0,0.9963,,,paper
2026-08-14T20:54:21+00:00,KXMVESPORTSMULTIGAMEEXTENDED-S2026A03883DEC0D-516DF65555C,KXMVESPORTSMULTIGAMEEXTENDED,Exotics,no,54.2,0.7061,,,paper
2026-08-14T20:54:21+00:00,KXMVESPORTSMULTIGAMEEXTENDED-S2026A645640D825-094516523D4,KXMVESPORTSMULTIGAMEEXTENDED,Exotics,no,55.6,0.7061,,,paper
2026-08-16T20:02:51+00:00,KXMVECROSSCATEGORY-S2026848B72A1566-9E84C2868F9,KXMVECROSSCATEGORY,Exotics,no,80.4,0.9326,,,paper
2026-08-16T20:02:51+00:00,KXMVESPORTSMULTIGAMEEXTENDED-S2026E94E9A9BC3E-6658DFA0795,KXMVESPORTSMULTIGAMEEXTENDED,Exotics,no,67.1,0.811,,,paper
2026-08-16T20:02:51+00:00,KXMVESPORTSMULTIGAMEEXTENDED-S20269CAA26D3740-623757F79B9,KXMVESPORTSMULTIGAMEEXTENDED,Exotics,no,75.1,0.8633,,,paper
2026-08-16T20:02:51+00:00,KXMVECROSSCATEGORY-S2026950919CC7EF-601ACA6E338,KXMVECROSSCATEGORY,Exotics,no,72.0,0.8633,,,paper
2026-08-16T20:02:51+00:00,KXMVESPORTSMULTIGAMEEXTENDED-S20262AD58AA46A8-31560FB9D13,KXMVESPORTSMULTIGAMEEXTENDED,Exotics,no,68.2,0.811,,,paper
2026-08-16T20:02:51+00:00,KXMVECROSSCATEGORY-SHARD1-S20264949657327C-D5C5BBD5CB2,KXMVECROSSCATEGORY,Exotics,no,47.9,0.5893,,,paper
2026-08-16T20:02:51+00:00,KXMVECROSSCATEGORY-SHARD1-S20265BC24E790C0-68D865E8CE2,KXMVECROSSCATEGORY,Exotics,no,51.6,0.7021,,,paper
2026-08-16T22:31:12+00:00,KXMVECROSSCATEGORY-S2026767CDD070E8-9E321E65C03,KXMVECROSSCATEGORY,Exotics,no,74.5,0.8633,,,paper
2026-08-17T00:43:58+00:00,KXMVECROSSCATEGORY-SHARD1-S2026E84702D0189-85F46010C3D,KXMVECROSSCATEGORY,Exotics,no,85.3,0.9326,,,paper
2026-08-17T00:53:45+00:00,KXMVESPORTSMULTIGAMEEXTENDED-S2026AE99500DAE3-8E4B8C33131,KXMVESPORTSMULTIGAMEEXTENDED,Exotics,no,73.9,0.8633,,,paper
2026-08-17T01:53:07+00:00,KXMVESPORTSMULTIGAMEEXTENDED-S202678EFDD370D8-136F92F4ACB,KXMVESPORTSMULTIGAMEEXTENDED,Exotics,no,73.1,0.8633,,,paper
2026-08-17T13:29:56+00:00,KXMVESPORTSMULTIGAMEEXTENDED-S2026E256407AAF4-EB856999BA9,KXMVESPORTSMULTIGAMEEXTENDED,Exotics,no,96.9,0.9953,,,paper
2026-08-17T15:52:52+00:00,KXMVESPORTSMULTIGAMEEXTENDED-S202636FB218AA31-2B05F195EB4,KXMVESPORTSMULTIGAMEEXTENDED,Exotics,no,58.6,0.7021,,,paper
2026-08-17T04:17:21+00:00,KXMVESPORTSMULTIGAMEEXTENDED-S2026A777718318B-0E2E6C16DB3,KXMVESPORTSMULTIGAMEEXTENDED,Exotics,no,92.7,0.9752,,,paper
2026-08-17T15:52:52+00:00,KXMVESPORTSMULTIGAMEEXTENDED-S2026AB3684E1B5C-FF29B7D9CDA,KXMVESPORTSMULTIGAMEEXTENDED,Exotics,no,75.7,0.8633,,,paper
2026-08-17T01:53:07+00:00,KXMVESPORTSMULTIGAMEEXTENDED-S20265182B937564-C8411D9BAF8,KXMVESPORTSMULTIGAMEEXTENDED,Exotics,no,78.7,0.8633,,,paper
2026-08-17T14:42:31+00:00,KXMVESPORTSMULTIGAMEEXTENDED-S20267BF5CEF7843-9C0D543E4EB,KXMVESPORTSMULTIGAMEEXTENDED,Exotics,no,90.3,0.9752,,,paper
2026-08-18T09:59:45+00:00,KXMLBRBI-26AUG181840MIAPHI-PHIKSCHWARBER12-1,KXMLBRBI,Sports,no,63.0,0.9677,,,paper
2026-08-18T09:59:45+00:00,KXMLBRBI-26AUG181840MIAPHI-PHIBHARPER3-1,KXMLBRBI,Sports,no,65.0,0.9677,,,paper
2026-08-18T09:59:45+00:00,KXMLBRBI-26AUG181840MIAPHI-PHITTURNER7-1,KXMLBRBI,Sports,no,69.0,0.9677,,,paper
2026-08-18T09:59:45+00:00,KXMLBHR-26AUG181840MIAPHI-PHIBHARPER3-1,KXMLBHR,Sports,no,84.0,0.9241,,,paper
2026-08-18T20:19:09+00:00,KXMLBHR-26AUG181835NYYBAL-NYYTGRISHAM12-1,KXMLBHR,Sports,no,77.0,0.8824,,,paper
2026-08-18T20:19:09+00:00,KXMLBHR-26AUG181835NYYBAL-NYYBRICE22-1,KXMLBHR,Sports,no,79.0,0.8824,,,paper
2026-08-19T16:30:00+00:00,KXMLBTB-26AUG191340ATLMIN-MINTLARNACH9-2,KXMLBTB,Sports,no,69.0,0.9677,,,paper
2026-08-19T18:58:58+00:00,KXMLBHRR-26AUG191610AZBOS-BOSNSOGARD20-3,KXMLBHRR,Sports,no,66.0,0.9677,,,paper
2026-08-19T21:22:30+00:00,KXMLBTB-26AUG191940ATHKC-ATHMMUNCY3-2,KXMLBTB,Sports,no,67.0,0.9677,,,paper
2026-08-19T21:22:30+00:00,KXMLBHR-26AUG191835NYYBAL-NYYTGRISHAM12-1,KXMLBHR,Sports,no,80.0,0.9241,,,paper
2026-08-19T21:22:30+00:00,KXMLBHR-26AUG191940ATHKC-ATHZGELOF20-1,KXMLBHR,Sports,no,88.0,0.9241,,,paper
2026-08-19T21:31:32+00:00,KXMLBHRR-26AUG191835NYYBAL-BALJHOLLIDAY7-3,KXMLBHRR,Sports,no,69.0,0.9677,,,paper
2026-08-19T21:31:32+00:00,KXMLBRBI-26AUG191940ATHKC-KCJCAGLIANONE14-2,KXMLBRBI,Sports,no,81.0,0.9241,,,paper
2026-08-20T03:33:48+00:00,KXWNBASPREAD-26AUG19MINGS-MIN21,KXWNBASPREAD,Sports,no,85.0,0.9241,,,paper
2026-08-20T03:33:48+00:00,KXMLBKS-26AUG201310SFCLE-SFLROUPP65-5,KXMLBKS,Sports,no,60.0,0.9677,,,paper
2026-08-20T04:48:57+00:00,KXMLBHR-26AUG201310SFCLE-CLESKWAN38-1,KXMLBHR,Sports,no,96.0,0.9964,,,paper
2026-08-20T19:50:20+00:00,KXUECLTOTAL-26AUG20SIOAJA-7,KXUECLTOTAL,Sports,no,91.0,0.9444,,,paper
2026-08-20T04:48:57+00:00,KXMLBHR-26AUG201410ATHKC-KCBWITT7-1,KXMLBHR,Sports,no,88.0,0.9241,,,paper
2026-08-21T01:05:07+00:00,KXMLBTOTAL-26AUG202010LAAHOU-16,KXMLBTOTAL,Sports,no,66.0,0.9677,,,paper
2026-08-21T03:42:07+00:00,KXWNBATOTAL-26AUG20CONNLV-189,KXWNBATOTAL,Sports,no,95.0,0.9964,,,paper
